date,regime,regime_name,cmz_rain_z,west_coast_rain_z,east_coast_rain_z,mslp_anomaly_box_hpa,vort_max_box,u850_westcoast,z500_nw_anomaly_gpm,trough_latitude
2021-06-06,7,Weak/Normal,-0.79455,-0.06591,-0.55221,4.0758,2.7855e-05,2.8601,34.489,27
2021-06-07,7,Weak/Normal,-0.86139,-0.93112,-0.51413,3.0476,3.4435e-05,3.9156,45.885,27
2021-06-08,7,Weak/Normal,-0.83728,-0.88219,-0.053623,1.1958,3.4729e-05,6.4972,54.632,27
2021-06-09,7,Weak/Normal,0.33397,0.38733,-0.35871,-1.3839,3.0693e-05,8.4581,63.054,27
2021-06-10,7,Weak/Normal,0.15821,1.3582,-0.41742,-3.1721,5.7762e-05,10.049,53.413,26
2021-06-11,7,Weak/Normal,0.52374,-0.089932,-0.19572,-2.3208,6.6259e-05,9.9782,38.244,27
2021-06-12,7,Weak/Normal,0.57304,0.93552,0.45289,-2.4007,6.648e-05,12.098,18.207,27
2021-06-13,4,Orographic,0.39598,1.2174,0.86973,-1.5207,6.2263e-05,12.768,7.3743,26
2021-06-14,4,Orographic,1.1154,1.1061,1.4264,-2.182,5.9592e-05,14.035,-27.448,25
2021-06-15,6,Western Disturbance,1.4421,0.93694,-0.1649,-3.2892,7.4213e-05,13.988,-43.411,26
2021-06-16,3,Monsoon Low/Depression,1.0951,1.5111,1.2753,-4.075,6.9706e-05,14.269,-86.615,26
2021-06-17,4,Orographic,0.8001,2.4924,2.5703,-1.8077,6.6475e-05,15.366,-62.556,26
2021-06-18,4,Orographic,1.2919,2.3033,1.3366,-0.49255,9.5128e-05,14.99,-50.055,26
2021-06-19,4,Orographic,1.396,1.3432,0.41535,0.30299,0.00010252,14.343,-37.33,26
2021-06-20,7,Weak/Normal,0.82905,0.90597,0.29188,1.956,7.6836e-05,14.651,-31.234,32
2021-06-21,7,Weak/Normal,-0.17142,-0.01636,-0.051515,2.8587,4.4372e-05,12.857,-32.73,32
2021-06-22,7,Weak/Normal,-0.75026,-0.84343,-0.40549,2.6246,3.2627e-05,9.97,-14.842,27
2021-06-23,5,Coastal,0.17873,-1.071,1.7083,2.1192,4.4792e-05,7.8251,-5.087,27
2021-06-24,7,Weak/Normal,0.24569,-0.33451,0.54521,2.0311,4.5253e-05,7.0166,7.0642,26
2021-06-25,7,Weak/Normal,0.35812,-0.82445,-0.44158,1.7065,3.9767e-05,9.2242,-8.1362,27
2021-06-26,7,Weak/Normal,-0.55028,-0.7456,-0.62809,0.21688,5.3764e-05,9.4083,-30.433,27
2021-06-27,7,Weak/Normal,-0.64501,-0.98616,-0.47883,2.6273,4.0273e-05,7.7972,-9.6023,26
2021-06-28,7,Weak/Normal,-0.32963,-1.123,-0.21301,4.3329,3.4527e-05,4.9339,24.221,26
2021-06-29,7,Weak/Normal,-0.85091,-1.2741,-0.70127,2.5015,2.9703e-05,4.2169,29.977,26
2021-06-30,7,Weak/Normal,-1.4046,-1.7318,-0.29426,-0.86562,3.3522e-05,4.9748,21.578,27
2021-07-01,7,Weak/Normal,-0.99599,-1.6647,0.34223,-2.8699,3.4094e-05,6.3827,6.0112,27
2021-07-02,7,Weak/Normal,-0.29156,-1.2349,0.46204,-3.5449,4.0372e-05,7.5191,-19.337,27
2021-07-03,7,Weak/Normal,-0.90401,-1.807,0.13445,-0.8374,3.3256e-05,8.1793,-19.95,27
2021-07-04,2,Break Monsoon,-1.3953,-1.7354,-0.27898,1.2935,3.5109e-05,7.5593,-13.425,27
2021-07-05,2,Break Monsoon,-1.2488,-1.6976,0.14992,2.6768,3.6124e-05,5.4401,-4.7442,26
2021-07-06,2,Break Monsoon,-1.2072,-1.7681,-0.70368,1.8644,2.8567e-05,4.9222,2.6,27
2021-07-07,2,Break Monsoon,-1.4625,-1.8285,-0.11427,-0.55702,2.7869e-05,3.6397,2.1626,27
2021-07-08,7,Weak/Normal,0.09145,-1.5164,0.77373,-2.0854,4.2247e-05,5.6975,8.3873,27
2021-07-09,7,Weak/Normal,-0.43819,-0.87414,-0.37621,-0.28691,4.7097e-05,7.7718,18.392,27
2021-07-10,7,Weak/Normal,-1.4894,-0.26468,-0.53505,0.03202,4.1181e-05,9.1234,25.038,26
2021-07-11,7,Weak/Normal,-0.85701,-0.21721,-0.32078,0.27494,3.8666e-05,11.3,22.773,26
2021-07-12,7,Weak/Normal,0.15737,0.071595,-0.14803,2.0878,4.142e-05,12.957,21.905,21
2021-07-13,7,Weak/Normal,-0.54504,0.8106,-0.028296,2.5915,5.0064e-05,14.648,5.8286,21
2021-07-14,4,Orographic,-0.28096,1.333,0.13235,1.6708,4.491e-05,14.867,-14.493,25
2021-07-15,7,Weak/Normal,-0.94176,0.92568,-0.36092,1.5883,7.1211e-05,18.545,-8.4268,25
2021-07-16,4,Orographic,-1.6086,1.3034,-0.78194,1.3364,5.8101e-05,15.969,13.822,25
2021-07-17,7,Weak/Normal,-1.873,-0.28456,-0.93542,3.2009,3.0189e-05,14.822,44.426,26
2021-07-18,7,Weak/Normal,-0.61603,2.1972,0.50417,0.81326,3.4894e-05,11.336,40.733,27
2021-07-19,4,Orographic,0.6679,2.5548,-0.77848,1.6586,5.053e-05,13.801,9.9387,32
2021-07-20,4,Orographic,0.091041,1.1013,1.2918,0.51371,4.2862e-05,15.609,-35.763,26
2021-07-21,6,Western Disturbance,0.81024,0.2682,0.80519,0.21651,5.3835e-05,15.752,-50.477,32
2021-07-22,4,Orographic,1.2701,2.8126,0.48615,-1.8257,6.497e-05,19.435,-68.664,27
2021-07-23,3,Monsoon Low/Depression,1.0472,1.7697,2.7641,-4.1456,0.0001072,18.165,-60.486,26
2021-07-24,3,Monsoon Low/Depression,0.8635,0.99783,1.2028,-4.9086,0.00010103,15.078,-19.796,26
2021-07-25,7,Weak/Normal,0.13472,-0.28547,-0.8238,-2.2555,8.7852e-05,13.648,18.896,26
2021-07-26,7,Weak/Normal,0.28026,0.14801,-0.60652,-2.1797,8.3394e-05,14.281,34.218,26
2021-07-27,7,Weak/Normal,-0.41373,-0.94555,-0.57453,-2.372,8.2926e-05,14.561,23.997,26
2021-07-28,3,Monsoon Low/Depression,0.56118,-0.82557,0.66219,-8.6207,9.9639e-05,15.758,-6.7956,27
2021-07-29,3,Monsoon Low/Depression,0.1835,-0.92536,2.3775,-4.768,0.00013075,16.429,-22.973,27
2021-07-30,3,Monsoon Low/Depression,0.78612,-0.96062,1.9045,-4.6889,0.00014824,16.785,-24.9,27
2021-07-31,7,Weak/Normal,1.1804,-0.86166,-0.90916,-2.253,0.00013084,17.49,-16.479,27
2021-08-01,3,Monsoon Low/Depression,0.2273,-0.8704,-1.0422,-4.5049,0.00014684,16.994,-12.359,26
2021-08-02,3,Monsoon Low/Depression,0.34944,-0.93108,-0.79372,-4.8401,0.00015034,15.633,-33.17,26
2021-08-03,7,Weak/Normal,0.23838,-0.68058,-0.75315,-2.763,0.00013101,14.322,-15.448,26
2021-08-04,7,Weak/Normal,-0.44763,0.22773,-0.57151,-0.052453,0.00010357,15.541,-3.7423,27
2021-08-05,7,Weak/Normal,-0.88614,-0.41897,-0.023564,0.84767,0.00010946,15.95,-4.3654,27
2021-08-06,7,Weak/Normal,-1.1926,0.0028401,-0.66761,-0.14913,7.4723e-05,15.587,-18.157,27
2021-08-07,7,Weak/Normal,-0.81446,-0.029628,0.1304,0.24466,7.4641e-05,14.444,-15.387,27
2021-08-08,7,Weak/Normal,-0.84452,-0.41663,0.1489,2.5435,6.2523e-05,9.2779,5.2832,27
2021-08-09,7,Weak/Normal,-0.95561,-0.57765,-0.13547,3.7882,5.4627e-05,6.6527,9.9495,27
2021-08-10,7,Weak/Normal,-0.27538,-0.62892,-0.74266,2.9692,4.9626e-05,7.1149,6.4332,32
2021-08-11,7,Weak/Normal,-0.69038,-0.7429,-0.069021,0.47769,3.9576e-05,9.1014,1.1237,27
2021-08-12,7,Weak/Normal,-0.96411,-0.28155,-0.42087,2.4419,4.0939e-05,9.0636,8.8805,27
2021-08-13,7,Weak/Normal,-0.93857,-0.29263,0.20415,4.8587,4.9597e-05,8.6607,25.126,32
2021-08-14,7,Weak/Normal,-1.153,-0.2859,-0.050988,1.1219,3.969e-05,8.566,-0.12694,32
2021-08-15,6,Western Disturbance,-1.1422,0.043368,-0.13436,-0.15243,4.2853e-05,9.8722,-40.04,32
2021-08-16,6,Western Disturbance,-0.74228,-0.17541,0.041464,1.9617,5.1281e-05,9.922,-37.599,27
2021-08-17,7,Weak/Normal,-0.38596,-0.66436,0.068037,3.4347,6.3566e-05,7.2942,0.12237,27
2021-08-18,7,Weak/Normal,0.61249,-0.39001,-0.026009,2.008,6.1761e-05,7.1014,9.9221,27
2021-08-19,7,Weak/Normal,0.47592,0.55537,-0.23886,-0.78713,4.5813e-05,8.9088,-8.3748,26
2021-08-20,7,Weak/Normal,0.26718,-0.11815,0.16392,-0.14755,4.8455e-05,9.3269,-16.224,26
2021-08-21,7,Weak/Normal,-0.13351,-0.071541,-0.022087,2.5122,4.5883e-05,6.7522,1.2358,26
2021-08-22,7,Weak/Normal,-0.4091,-0.33961,-0.31135,3.9334,3.6337e-05,7.16,20.303,26
2021-08-23,7,Weak/Normal,-1.153,-0.65171,-0.38867,3.055,2.4356e-05,5.0792,18.794,27
2021-08-24,7,Weak/Normal,-0.92266,-0.74336,-0.64268,2.2307,3.5507e-05,4.2098,13.177,27
2021-08-25,7,Weak/Normal,-0.93821,-0.83759,-0.36749,0.99296,2.5702e-05,2.3285,8.8965,32
2021-08-26,7,Weak/Normal,-0.45225,-0.70906,0.27167,-2.0588,3.1795e-05,4.7294,-9.4488,32
2021-08-27,5,Coastal,-0.65039,-0.00095904,1.6125,-1.2742,2.7172e-05,8.3259,-19.743,32
2021-08-28,7,Weak/Normal,-0.82574,0.06109,0.42754,0.50181,5.2458e-05,8.9967,-14.9,32
2021-08-29,7,Weak/Normal,-0.73237,0.22085,-0.22507,-0.22039,4.5775e-05,9.1728,-33.348,32
2021-08-30,7,Weak/Normal,-0.16871,-0.056092,-0.41419,-0.43855,4.4237e-05,8.7452,-30.563,21
2021-08-31,7,Weak/Normal,0.45297,-0.056871,-0.12741,0.47838,5.6647e-05,7.6048,-7.2735,21
2021-09-01,7,Weak/Normal,0.31169,1.2167,-0.42569,1.9399,6.0259e-05,7.3941,-3.9277,21
2021-09-02,7,Weak/Normal,0.015339,-0.17304,-0.82216,3.9776,2.3936e-05,9.6831,-0.43126,26
2021-09-03,7,Weak/Normal,-0.76013,-0.45307,-0.75748,2.7334,2.5997e-05,9.8794,-5.9472,27
2021-09-04,7,Weak/Normal,-0.16787,0.034232,-0.69169,1.0573,4.2273e-05,9.2294,-13.703,26
2021-09-05,7,Weak/Normal,-0.22234,0.15328,-0.5011,-0.5026,5.7616e-05,9.4759,5.9223,27
2021-09-06,7,Weak/Normal,-0.45889,-0.0089176,0.59771,0.037884,8.9741e-05,10.15,21.575,27
2021-09-07,5,Coastal,1.2136,0.63662,1.4915,-2.3419,8.7783e-05,10.274,43.35,21
2021-09-08,7,Weak/Normal,0.70478,1.5637,0.35862,-1.3318,7.6585e-05,10.435,47.056,21
2021-09-09,7,Weak/Normal,0.15162,0.38483,-0.69147,-0.20919,5.0623e-05,14.193,25.034,25
2021-09-10,7,Weak/Normal,-0.12402,-0.17743,-0.97094,0.42452,4.5588e-05,14.127,5.9624,26
2021-09-11,7,Weak/Normal,1.4365,-0.10673,-0.32837,-0.50527,0.0001026,13.217,-9.1964,26
2021-09-12,7,Weak/Normal,0.61573,0.9754,0.35943,-3.1474,0.00011639,12.323,-17.815,26
2021-09-13,3,Monsoon Low/Depression,1.5991,1.6377,8.9455,-5.4926,0.00011638,12.989,-28.863,26
2021-09-14,3,Monsoon Low/Depression,2.7617,0.99942,2.0108,-6.1118,0.00013818,12.696,-18.267,22
2021-09-15,3,Monsoon Low/Depression,1.8913,-0.19232,2.5199,-4.148,0.00012492,11.839,13.401,22
2021-09-16,7,Weak/Normal,0.94305,-0.39353,-0.25665,-1.4006,0.0001083,9.1046,18.968,24
2021-09-17,7,Weak/Normal,0.44593,-0.57022,-0.99973,-2.0626,0.00011736,9.4272,4.7488,25
2021-09-18,7,Weak/Normal,-0.55194,-0.83944,-0.72121,-0.23922,0.00011109,7.6676,17.813,26
2021-09-19,7,Weak/Normal,-0.79486,-0.81862,-0.79149,2.3831,7.698e-05,6.3391,41.885,26
2021-09-20,7,Weak/Normal,-0.69693,-0.16118,0.72086,4.0195,4.2563e-05,5.7493,42.23,26
2021-09-21,5,Coastal,-0.0044798,-0.17825,1.1198,3.1337,4.5511e-05,5.4392,9.6713,27
2021-09-22,7,Weak/Normal,0.53829,0.64644,-0.93328,1.7589,6.2742e-05,7.6168,-14.399,26
2021-09-23,7,Weak/Normal,0.02225,-0.00013757,0.040363,0.68172,6.7484e-05,8.3939,-25.843,21
2021-09-24,7,Weak/Normal,0.11124,-0.32223,-1.0659,2.4496,6.4513e-05,8.4645,-6.5373,21
2021-09-25,7,Weak/Normal,-0.74358,-0.50589,-1.2459,2.6344,8.6438e-05,5.263,10.572,25
2021-09-26,7,Weak/Normal,-0.60853,-0.69542,-0.93729,-0.51619,0.00011046,6.449,12.065,26
2021-09-27,3,Monsoon Low/Depression,-0.30882,-0.024769,2.2935,-8.3746,0.00013479,4.7771,29.455,18
2021-09-28,7,Weak/Normal,0.68955,0.24478,0.045521,-3.5322,0.00014004,6.5657,22.236,19
2021-09-29,5,Coastal,0.79255,1.9333,1.2516,0.91489,9.0687e-05,10.254,29.118,21
2021-09-30,7,Weak/Normal,0.67812,0.30757,0.23832,3.819,8.3034e-05,9.6523,36.91,21
2022-06-06,7,Weak/Normal,-1.1229,-1.0488,-0.47632,0.16408,4.5271e-05,2.9502,9.1281,27
2022-06-07,7,Weak/Normal,-1.2473,-0.96656,-0.5676,0.18732,3.2764e-05,2.6425,15.023,27
2022-06-08,7,Weak/Normal,-1.2016,-1.0059,-0.68616,-1.2572,5.9725e-05,4.5375,12.291,27
2022-06-09,7,Weak/Normal,-0.86227,-0.85237,-0.74423,-2.1246,4.0726e-05,6.514,7.8826,27
2022-06-10,7,Weak/Normal,-1.0565,-0.93467,-0.28079,-2.017,3.7974e-05,5.0646,1.6548,27
2022-06-11,7,Weak/Normal,-1.0843,0.016926,-0.6187,-1.8604,4.0341e-05,6.6866,3.7844,27
2022-06-12,7,Weak/Normal,-0.44781,-0.28268,-0.55252,-2.096,4.4013e-05,7.5859,9.4364,27
2022-06-13,7,Weak/Normal,-0.77357,-0.5449,-0.48453,-0.82685,4.1277e-05,7.1682,7.4486,27
2022-06-14,7,Weak/Normal,-0.53974,-0.95353,-0.62787,-0.49271,3.614e-05,6.6909,24.314,27
2022-06-15,7,Weak/Normal,-0.65654,-0.96526,-0.17732,-1.5419,4.3473e-05,6.4544,33.476,27
2022-06-16,7,Weak/Normal,-0.21913,-0.63805,0.056583,-1.3489,4.7377e-05,7.9529,17.44,27
2022-06-17,7,Weak/Normal,-0.33804,-0.5383,-0.44375,1.2418,2.8486e-05,7.7635,2.0556,27
2022-06-18,7,Weak/Normal,-0.12103,-0.70476,-0.13772,0.30262,3.7262e-05,5.8332,-29.736,27
2022-06-19,6,Western Disturbance,0.46338,-0.58157,-0.24657,0.9471,3.8474e-05,6.7062,-42.504,26
2022-06-20,6,Western Disturbance,0.77438,-0.49929,0.42988,0.97219,3.0287e-05,8.1293,-54.524,27
2022-06-21,6,Western Disturbance,1.1871,0.12392,0.28062,-0.86527,3.0237e-05,10.708,-92.364,27
2022-06-22,6,Western Disturbance,-0.46532,-0.46319,-0.49624,-0.70415,3.2639e-05,11.445,-114.48,27
2022-06-23,7,Weak/Normal,-0.34406,-0.36367,-0.25972,3.2426,3.6779e-05,6.6532,-31.151,26
2022-06-24,7,Weak/Normal,-0.42731,-0.15805,-0.47558,2.9952,2.9638e-05,5.586,1.6839,27
2022-06-25,7,Weak/Normal,-0.26239,-0.17878,-0.24498,1.0239,3.8284e-05,8.526,16.428,26
2022-06-26,7,Weak/Normal,-0.98023,-0.28602,-0.39786,-0.88932,3.7745e-05,12.055,15.215,26
2022-06-27,7,Weak/Normal,-1.0232,-0.59441,-0.29181,1.9937,3.3242e-05,10.427,35.103,26
2022-06-28,7,Weak/Normal,-0.98256,-0.65812,-0.40416,1.8002,4.3736e-05,12.675,51.104,26
2022-06-29,7,Weak/Normal,-0.30892,-0.35845,-0.58843,-0.93931,4.1054e-05,13.092,39.221,27
2022-06-30,7,Weak/Normal,0.5649,-0.050281,-0.64956,-2.9591,3.7907e-05,12.79,26.095,32
2022-07-01,4,Orographic,0.30426,1.8014,-0.51396,1.2946,4.1193e-05,14.119,20.627,27
2022-07-02,4,Orographic,0.79923,1.0659,0.56806,0.1388,2.4647e-05,15.033,24.029,27
2022-07-03,7,Weak/Normal,0.40741,-0.03146,0.27468,-0.82544,3.0428e-05,15.584,16.012,27
2022-07-04,7,Weak/Normal,0.39048,0.24337,-0.15938,-1.0509,4.5311e-05,15.207,24.353,27
2022-07-05,4,Orographic,0.75026,3.4644,-0.10794,-2.5527,5.5204e-05,16.267,26.741,26
2022-07-06,4,Orographic,0.8914,3.1406,0.71789,-2.4246,5.3531e-05,17.288,20.354,26
2022-07-07,4,Orographic,0.28281,2.1566,-0.16926,1.4036,4.9222e-05,16.467,41.492,26
2022-07-08,4,Orographic,0.86307,2.1128,-0.055836,0.75304,4.8726e-05,17.099,41.37,27
2022-07-09,1,Active Monsoon,1.9079,0.96614,0.36793,-1.4258,8.5516e-05,16.801,17.249,27
2022-07-10,1,Active Monsoon,1.603,1.5345,0.10897,-2.5346,8.0792e-05,16.632,-10.696,26
2022-07-11,1,Active Monsoon,1.6838,1.3389,-0.18826,-1.8074,8.4203e-05,16.634,-11.694,26
2022-07-12,1,Active Monsoon,2.5732,2.319,0.53794,-0.77856,8.6954e-05,17.446,-6.4521,26
2022-07-13,1,Active Monsoon,3.0019,0.96497,-0.39105,-2.8957,9.641e-05,17.147,-14.465,26
2022-07-14,3,Monsoon Low/Depression,2.3488,2.8229,-0.056912,-4.3121,0.00010717,20.891,-44.828,26
2022-07-15,3,Monsoon Low/Depression,1.5924,1.645,-0.13887,-4.5777,8.4287e-05,20.842,-42.111,26
2022-07-16,7,Weak/Normal,0.023933,0.48924,0.35309,-1.4057,6.6855e-05,20.674,-6.65,26
2022-07-17,5,Coastal,-0.055785,0.5174,1.7061,-0.51099,6.2433e-05,19.552,-0.51308,26
2022-07-18,7,Weak/Normal,0.97664,-0.59703,0.22451,0.12228,7.9828e-05,13.809,23.689,26
2022-07-19,7,Weak/Normal,-0.16181,-0.87019,-0.69622,-0.33453,0.00011516,12.169,29.52,26
2022-07-20,7,Weak/Normal,-1.2571,-1.2894,0.25583,0.12381,5.9339e-05,11.139,15.497,27
2022-07-21,7,Weak/Normal,0.11747,-1.0925,-0.73439,0.11494,3.0651e-05,11.477,8.0674,26
2022-07-22,7,Weak/Normal,-0.88613,-1.5233,-0.70863,3.6109,4.0368e-05,8.6386,15.043,27
2022-07-23,7,Weak/Normal,0.93868,-1.5307,0.49828,3.1776,4.4158e-05,8.2884,24.074,26
2022-07-24,7,Weak/Normal,1.449,-0.50464,0.3195,1.7294,5.8763e-05,10.621,20.199,25
2022-07-25,7,Weak/Normal,0.51477,-0.8728,0.50413,2.4188,4.9982e-05,12.641,17.404,25
2022-07-26,7,Weak/Normal,0.34243,-1.3501,-0.47351,4.7086,4.4157e-05,10.66,31.659,26
2022-07-27,7,Weak/Normal,0.37068,-1.2587,-0.63728,5.9607,2.7504e-05,7.4533,42.242,26
2022-07-28,7,Weak/Normal,-1.2057,-0.76392,-0.65012,5.5857,1.4591e-05,4.8054,39.792,27
2022-07-29,7,Weak/Normal,-1.0739,-1.2253,-0.70414,6.6798,1.9671e-05,1.9343,37.9,27
2022-07-30,7,Weak/Normal,-0.89246,-1.2235,-0.71165,5.5128,1.3372e-05,1.7763,18.439,27
2022-07-31,2,Break Monsoon,-1.2771,-1.0262,-0.78164,3.3106,1.3741e-05,3.9339,-3.5659,27
2022-08-01,2,Break Monsoon,-1.3867,-0.7651,-0.5491,2.2247,1.7322e-05,5.1872,-33.996,32
2022-08-02,2,Break Monsoon,-1.2395,0.4756,-0.29926,2.1485,1.6614e-05,7.3195,-26.215,32
2022-08-03,2,Break Monsoon,-1.2418,-0.4446,-0.11588,1.5781,3.0229e-05,6.1874,-21.891,32
2022-08-04,7,Weak/Normal,-0.58889,-0.051733,-0.51178,2.9715,2.7804e-05,5.1832,2.0599,26
2022-08-05,7,Weak/Normal,-0.074812,1.3102,-0.63579,2.9142,4.0803e-05,7.3523,10.584,26
2022-08-06,4,Orographic,-0.57186,1.2504,0.16417,0.14744,4.4045e-05,12.128,-1.8482,26
2022-08-07,4,Orographic,-0.053576,1.149,1.9214,-0.69363,7.6644e-05,13.922,-11.653,26
2022-08-08,1,Active Monsoon,1.4147,2.2256,0.066353,-3.2609,9.936e-05,13.641,-2.355,25
2022-08-09,3,Monsoon Low/Depression,1.2723,2.0695,1.1249,-6.7147,0.00013712,16.49,1.9534,21
2022-08-10,3,Monsoon Low/Depression,1.9557,0.97081,0.26527,-5.2405,0.0001138,19.519,7.6353,22
2022-08-11,1,Active Monsoon,1.2907,1.0772,1.2603,-3.9474,0.00013265,20.592,3.86,25
2022-08-12,7,Weak/Normal,0.66161,0.83875,-0.092419,-1.6223,9.7443e-05,21.362,5.2633,25
2022-08-13,7,Weak/Normal,0.84126,0.33806,-0.14945,-1.5777,7.2849e-05,20.519,11.799,26
2022-08-14,1,Active Monsoon,1.9064,-0.29616,2.8683,-3.9833,0.00013183,16.248,12.211,27
2022-08-15,1,Active Monsoon,3.6338,-0.29135,1.0023,-3.3319,0.0001415,16.172,18.349,22
2022-08-16,1,Active Monsoon,2.4428,0.23136,-0.43437,-0.53767,0.00013661,14.912,21.842,25
2022-08-17,7,Weak/Normal,0.76176,0.5261,-0.62976,1.8145,6.2169e-05,13.838,6.7288,26
2022-08-18,7,Weak/Normal,-0.30278,-0.31434,-0.80106,0.73235,2.7772e-05,13.491,0.73953,27
2022-08-19,7,Weak/Normal,-0.68069,-0.46806,0.51144,-2.8848,0.00011561,11.734,0.11983,27
2022-08-20,3,Monsoon Low/Depression,1.3214,-0.45031,1.7817,-19.244,0.00018427,10.747,3.9616,27
2022-08-21,1,Active Monsoon,1.2143,-0.37634,-0.70276,-3.3565,0.00013138,10.582,-13.395,26
2022-08-22,3,Monsoon Low/Depression,1.8246,-0.36073,-0.58327,-6.1165,0.00015529,11.976,-25.449,24
2022-08-23,3,Monsoon Low/Depression,1.0746,0.71139,-0.62027,-4.6094,0.00015562,14.251,-22.958,26
2022-08-24,7,Weak/Normal,0.3631,0.50278,0.82102,2.6294,4.3804e-05,12.189,3.5518,27
2022-08-25,7,Weak/Normal,0.090287,-0.24992,-0.15211,2.8617,6.2784e-05,10.163,2.208,27
2022-08-26,7,Weak/Normal,-1.342,-0.49776,-0.6065,0.44416,5.0479e-05,8.1745,-6.4029,27
2022-08-27,7,Weak/Normal,-1.5586,-0.52311,-0.68799,-0.33573,2.3521e-05,5.143,-7.4998,27
2022-08-28,7,Weak/Normal,-0.82516,-0.45028,-0.37213,0.43735,3.2266e-05,6.0743,-10.812,32
2022-08-29,7,Weak/Normal,-0.58578,-0.41173,-0.92244,1.976,3.1436e-05,4.506,-13.42,32
2022-08-30,7,Weak/Normal,-1.031,-0.73497,-0.92693,4.9555,3.2799e-05,3.1015,18.616,26
2022-08-31,7,Weak/Normal,-1.3527,-0.15407,-1.1139,4.3595,1.851e-05,2.6146,29.587,27
2022-09-01,7,Weak/Normal,-0.53045,0.31176,-0.33718,3.1069,1.4188e-05,1.3314,9.8399,27
2022-09-02,7,Weak/Normal,-0.46501,-0.14132,-1.0583,3.7939,1.5672e-05,0.9366,18.979,32
2022-09-03,7,Weak/Normal,-1.2196,-0.69749,-0.6624,3.9081,1.6682e-05,-1.5721,33.671,27
2022-09-04,7,Weak/Normal,-0.40479,-0.5115,-0.47106,1.248,3.0944e-05,1.342,1.9159,27
2022-09-05,7,Weak/Normal,-0.42957,-0.44938,-0.73938,0.33688,2.4522e-05,3.6468,-19.411,27
2022-09-06,7,Weak/Normal,-1.1155,-0.052434,-0.90504,0.98796,1.9346e-05,5.1539,-16.102,27
2022-09-07,7,Weak/Normal,-1.2126,0.08207,-0.78159,2.3852,2.8595e-05,4.6476,8.8164,27
2022-09-08,7,Weak/Normal,-0.83584,0.97202,-0.33931,2.4548,7.4214e-05,3.7615,37.415,21
2022-09-09,7,Weak/Normal,-0.6062,0.65693,0.14492,2.2395,6.6786e-05,1.5439,48.658,17
2022-09-10,7,Weak/Normal,-0.47346,0.58139,0.61822,1.5615,8.1239e-05,5.2259,41.075,19
2022-09-11,5,Coastal,0.84962,0.47231,2.2794,-2.1813,0.00013248,7.0595,18.217,19
2022-09-12,5,Coastal,1.5579,0.46762,1.4401,-2.8903,7.9754e-05,8.9595,-18.032,21
2022-09-13,5,Coastal,1.2518,0.94537,1.603,-2.6772,7.4141e-05,12.144,-28.791,24
2022-09-14,7,Weak/Normal,1.3405,0.2337,0.325,-1.7902,7.6618e-05,11.642,-15.229,25
2022-09-15,7,Weak/Normal,1.5967,0.2922,-0.66191,-0.46803,7.4735e-05,12.096,-11.884,26
2022-09-16,4,Orographic,1.2655,1.0347,-0.28912,-1.9881,0.00010186,12.874,-27.499,26
2022-09-17,6,Western Disturbance,-0.039736,0.57822,-1.184,-2.1462,6.2135e-05,11.669,-61.735,27
2022-09-18,6,Western Disturbance,-0.99632,0.027406,-0.56788,-0.020657,3.6388e-05,9.2002,-48.462,27
2022-09-19,7,Weak/Normal,-0.75529,-0.48792,-0.16882,1.7925,6.0558e-05,5.8805,-4.1115,27
2022-09-20,7,Weak/Normal,0.020648,-0.76913,-0.11648,-0.02882,8.8326e-05,6.2895,3.5555,27
2022-09-21,7,Weak/Normal,0.034488,-0.69641,-0.5698,-0.099065,5.7986e-05,5.1427,-10.96,26
2022-09-22,7,Weak/Normal,-0.11306,-0.91305,-1.0162,0.12719,7.385e-05,4.837,-11.461,25
2022-09-23,7,Weak/Normal,-0.6208,-0.84385,-1.2193,0.24728,7.195e-05,5.8706,-6.2374,26
2022-09-24,7,Weak/Normal,-0.72578,-0.51068,-0.88798,1.3125,8.2077e-05,7.369,-18.53,26
2022-09-25,6,Western Disturbance,-1.3487,-0.65268,-0.64749,1.3389,5.9733e-05,7.746,-39.957,27
2022-09-26,6,Western Disturbance,-1.5735,-0.73533,-1.1657,4.4631,3.5769e-05,4.919,-38.2,27
2022-09-27,7,Weak/Normal,-1.1457,-0.72953,-0.95987,4.238,3.6518e-05,4.672,4.8169,27
2022-09-28,7,Weak/Normal,-1.5065,-0.73238,-0.47796,3.1384,3.0598e-05,3.3403,-9.0335,27
2022-09-29,7,Weak/Normal,-1.2198,-0.56729,-0.55059,1.1095,3.3793e-05,4.4681,-30.337,27
2022-09-30,7,Weak/Normal,-1.1397,-0.54612,-0.75894,0.64168,3.7145e-05,3.585,-25.485,27
2023-06-06,7,Weak/Normal,-1.1816,-1.2104,-0.66857,3.4832,3.2223e-05,2.7853,-2.5106,27
2023-06-07,7,Weak/Normal,-1.1813,-1.1028,-0.51076,2.0418,3.7606e-05,2.0557,-4.9842,27
2023-06-08,7,Weak/Normal,-1.236,-0.83596,-0.51002,1.1218,5.23e-05,5.0526,15.32,27
2023-06-09,7,Weak/Normal,-1.1958,-1.1011,-0.69929,0.29969,8.6843e-05,5.5595,36.322,27
2023-06-10,7,Weak/Normal,-1.2473,-0.89561,-0.27296,-1.5348,7.4051e-05,6.4352,29.454,27
2023-06-11,7,Weak/Normal,-1.1558,-0.732,-0.63135,-2.0718,5.9333e-05,8.6145,20.89,27
2023-06-12,7,Weak/Normal,-1.0632,-0.71346,-0.36345,-3.6766,3.2148e-05,10.794,10.183,27
2023-06-13,7,Weak/Normal,-0.79548,-0.64858,0.027608,-2.8974,4.2539e-05,11.992,3.9227,27
2023-06-14,7,Weak/Normal,-0.74919,-0.56815,-0.43415,-4.9955,3.2625e-05,12.038,0.16722,27
2023-06-15,3,Monsoon Low/Depression,-0.98975,-0.86051,-0.53598,-4.5194,4.2945e-05,13.222,-8.8245,27
2023-06-16,7,Weak/Normal,-0.47763,-1.0143,-0.64242,-3.4036,4.8697e-05,12.333,-13.082,27
2023-06-17,7,Weak/Normal,0.72695,-0.8543,-0.64175,-2.6249,3.4313e-05,11.438,-4.8594,27
2023-06-18,7,Weak/Normal,0.83512,-0.64919,-0.036106,-0.89709,4.681e-05,8.9385,8.7628,27
2023-06-19,7,Weak/Normal,0.33675,-0.98606,0.46543,-0.13994,3.6942e-05,7.7237,20.945,27
2023-06-20,7,Weak/Normal,-0.53191,-1.1738,-0.59673,-1.8506,0.00010746,7.1353,24.817,27
2023-06-21,7,Weak/Normal,-0.65448,-1.1271,-0.25138,-1.7551,8.6872e-05,6.3358,34.328,27
2023-06-22,7,Weak/Normal,-0.49303,-1.062,-0.16241,-0.14751,6.4613e-05,6.3673,51.994,27
2023-06-23,7,Weak/Normal,-0.066587,-1.1206,0.21675,1.0738,8.632e-05,7.1778,67.134,27
2023-06-24,7,Weak/Normal,-0.24769,-0.61547,0.54239,-0.14242,6.4278e-05,8.9423,66.413,27
2023-06-25,7,Weak/Normal,0.43913,0.80645,0.78155,0.34823,5.6642e-05,9.6219,48.324,27
2023-06-26,7,Weak/Normal,1.3998,0.27308,0.77119,-1.2739,6.2838e-05,10.094,28.386,25
2023-06-27,7,Weak/Normal,2.0114,-0.14606,0.75214,-0.17087,0.0001102,11.567,9.9792,27
2023-06-28,7,Weak/Normal,1.3857,1.054,0.60826,-0.4422,0.00011087,11.802,9.9669,26
2023-06-29,4,Orographic,1.2199,1.3294,1.4734,1.7183,8.6696e-05,13.144,17.235,26
2023-06-30,7,Weak/Normal,1.9773,0.79519,-0.30418,-0.082475,6.1264e-05,14.485,-5.8053,27
2023-07-01,7,Weak/Normal,1.3171,0.9075,-0.30952,1.5701,5.7131e-05,16.627,-17.659,26
2023-07-02,7,Weak/Normal,0.36948,0.091719,-0.69372,3.1905,5.2825e-05,15.119,-1.3773,32
2023-07-03,7,Weak/Normal,-0.63303,0.32041,-0.21126,1.9365,4.819e-05,14.607,25.411,27
2023-07-04,7,Weak/Normal,-1.0153,-0.096474,0.096977,1.1155,4.0652e-05,13.054,18.486,27
2023-07-05,4,Orographic,0.0085852,1.1654,-0.33474,-0.79472,6.2448e-05,14.54,-25.007,27
2023-07-06,4,Orographic,0.35949,1.6204,0.51756,-0.66336,9.532e-05,15.043,-39.87,26
2023-07-07,4,Orographic,1.5187,1.1662,0.16022,0.7675,4.7256e-05,16.189,-27.383,25
2023-07-08,4,Orographic,1.2469,1.1205,-0.15187,1.6534,7.1587e-05,17.551,-32.814,26
2023-07-09,7,Weak/Normal,0.52865,-0.37828,-0.27498,2.6341,5.0777e-05,15.268,-29.428,26
2023-07-10,6,Western Disturbance,0.48801,-1.159,-0.4021,2.2257,4.4145e-05,13.186,-37.316,27
2023-07-11,7,Weak/Normal,0.15857,-1.5893,-0.50032,2.3108,4.3546e-05,9.7073,-23.216,26
2023-07-12,7,Weak/Normal,-0.27309,-1.5625,-0.40443,1.4164,5.121e-05,10.006,-1.5537,27
2023-07-13,7,Weak/Normal,-0.60729,-1.0252,-0.19938,1.6646,4.2835e-05,10.49,6.7305,27
2023-07-14,7,Weak/Normal,-0.82278,-0.26983,-0.63764,2.2816,3.5132e-05,11.736,18.899,26
2023-07-15,7,Weak/Normal,-0.26275,-0.54757,0.8537,2.0938,3.7398e-05,11.376,17.342,27
2023-07-16,5,Coastal,0.84238,-1.2382,1.0171,1.7617,7.5498e-05,11.852,8.5043,27
2023-07-17,7,Weak/Normal,0.082966,-0.7752,-0.13568,1.2665,6.4267e-05,12.108,10.536,27
2023-07-18,7,Weak/Normal,0.061472,0.22008,-0.30812,-0.41483,5.9178e-05,13.565,12.899,26
2023-07-19,4,Orographic,0.89776,1.5212,-0.017702,-0.26342,9.5986e-05,17.315,21.761,21
2023-07-20,4,Orographic,0.47829,2.7159,-0.41487,-2.0609,9.2257e-05,17.148,19.691,21
2023-07-21,7,Weak/Normal,0.55434,0.34913,-0.13807,-1.9384,7.6957e-05,16.957,21.414,26
2023-07-22,4,Orographic,1.3943,1.6027,-0.13164,-0.16341,0.00010077,17.012,34.093,26
2023-07-23,4,Orographic,0.96852,2.5448,0.17823,2.2614,9.1539e-05,19.257,39.987,21
2023-07-24,4,Orographic,-0.5686,1.9236,-0.19003,1.8094,8.9163e-05,21.104,34.808,26
2023-07-25,4,Orographic,-0.51229,1.915,0.016162,0.62661,8.402e-05,18.618,10.055,26
2023-07-26,4,Orographic,-0.46126,1.9923,1.3792,-0.55095,0.00013328,16.057,15.403,26
2023-07-27,4,Orographic,1.0429,1.8047,0.58893,0.2756,0.0001016,14.897,24.427,21
2023-07-28,4,Orographic,1.0133,1.7057,-0.63919,0.46211,7.771e-05,15.543,14.169,26
2023-07-29,7,Weak/Normal,-0.054795,-0.24689,-0.60916,-1.5306,6.0495e-05,15.124,-26.318,26
2023-07-30,7,Weak/Normal,-0.45094,-0.78251,-0.5772,-0.71195,5.188e-05,16.21,-28.924,27
2023-07-31,7,Weak/Normal,-1.1059,-0.82997,-0.4544,-3.1794,0.00011421,15.025,-26.895,27
2023-08-01,3,Monsoon Low/Depression,-0.53549,-0.47672,2.1068,-5.4094,0.0001387,14.391,-14.954,27
2023-08-02,3,Monsoon Low/Depression,1.6878,-0.81856,3.1642,-8.2254,0.00015225,16.033,-3.6939,27
2023-08-03,3,Monsoon Low/Depression,1.773,-0.9015,-0.19294,-6.4928,0.00017456,15.478,-1.0917,26
2023-08-04,7,Weak/Normal,0.5546,-0.7737,-0.94517,-3.8,0.00014289,17.116,1.3436,26
2023-08-05,2,Break Monsoon,-1.1345,-0.50003,-1.0208,0.6576,9.4528e-05,15.271,14.902,27
2023-08-06,2,Break Monsoon,-1.2458,-0.64514,-0.52501,2.3479,5.8293e-05,12.267,22.468,27
2023-08-07,2,Break Monsoon,-1.0192,-0.88309,-0.15404,-1.9914,5.8224e-05,12.668,-20.426,27
2023-08-08,2,Break Monsoon,-1.4205,-0.91089,0.13931,-2.3678,7.0138e-05,12.053,-48.452,32
2023-08-09,2,Break Monsoon,-1.2793,-0.74082,-0.82131,1.2037,6.193e-05,10.637,-13.389,32
2023-08-10,2,Break Monsoon,-1.4177,-0.85822,-0.24037,3.2368,5.3429e-05,8.8315,23.21,27
2023-08-11,2,Break Monsoon,-1.5565,-0.8053,-0.63998,4.4093,4.7879e-05,8.1071,37.513,27
2023-08-12,2,Break Monsoon,-1.427,-0.75039,-0.038349,3.2409,3.2333e-05,6.4312,35.105,27
2023-08-13,2,Break Monsoon,-1.3311,-0.79237,0.37656,0.88877,3.7395e-05,8.8596,22.075,32
2023-08-14,2,Break Monsoon,-1.4915,-0.7806,-0.23358,2.2205,4.4366e-05,9.0861,2.3648,32
2023-08-15,2,Break Monsoon,-1.5622,-0.96334,-0.76123,2.6957,3.0506e-05,7.7934,12.56,32
2023-08-16,2,Break Monsoon,-1.5405,-0.94216,-0.48976,2.6678,3.1662e-05,6.8587,19.425,27
2023-08-17,2,Break Monsoon,-1.0963,-0.93407,-0.11976,1.7566,2.8177e-05,6.9449,20.823,27
2023-08-18,5,Coastal,0.45825,-0.84298,1.9984,1.3033,6.3876e-05,8.2291,20.725,27
2023-08-19,7,Weak/Normal,0.77067,-0.47724,-0.42696,-0.02987,8.0466e-05,8.9219,25.564,27
2023-08-20,7,Weak/Normal,-0.0075524,-0.16443,-0.56981,0.66604,8.2488e-05,9.3641,38.985,26
2023-08-21,7,Weak/Normal,-1.1799,-0.74503,-0.68617,0.88896,5.4775e-05,8.2798,51.581,26
2023-08-22,7,Weak/Normal,-1.0903,-0.79981,0.27031,1.0732,2.8999e-05,6.9941,45.845,32
2023-08-23,7,Weak/Normal,0.63073,-0.62769,-0.47336,0.84874,2.6413e-05,6.9451,29.448,27
2023-08-24,7,Weak/Normal,-0.087971,-0.76738,0.78826,0.67272,3.509e-05,7.4506,-4.206,32
2023-08-25,6,Western Disturbance,-0.228,-0.48443,0.4652,-0.90756,3.7509e-05,9.2891,-36.822,32
2023-08-26,6,Western Disturbance,-0.65078,-0.22639,0.67105,-0.58752,4.7632e-05,9.9003,-47.073,28
2023-08-27,2,Break Monsoon,-1.0844,-0.48574,-0.496,-0.070347,4.457e-05,8.8385,-44.492,27
2023-08-28,2,Break Monsoon,-1.6276,-0.48336,-0.86099,-1.1496,3.4281e-05,8.4566,-50.481,32
2023-08-29,2,Break Monsoon,-1.7826,-0.69401,-1.07,0.22327,2.1392e-05,8.5694,-48.884,32
2023-08-30,2,Break Monsoon,-1.7952,-0.68794,-0.8845,1.219,3.0658e-05,6.7859,-9.2402,27
2023-08-31,2,Break Monsoon,-1.8555,-0.89737,-1.1027,2.5484,2.2783e-05,4.7313,32.201,27
2023-09-01,7,Weak/Normal,-1.8476,-0.89543,-1.0492,2.3863,2.6218e-05,2.4051,48.367,27
2023-09-02,7,Weak/Normal,-1.6776,-0.29474,-0.18131,1.9182,2.1017e-05,1.7475,41.991,27
2023-09-03,7,Weak/Normal,-1.1987,-0.66624,-0.22506,0.15029,2.4031e-05,4.3533,16.059,27
2023-09-04,7,Weak/Normal,-0.083286,-0.36729,-0.05536,-1.0368,3.7088e-05,5.4082,0.46232,27
2023-09-05,7,Weak/Normal,-0.4092,-0.7642,0.60846,-1.6139,5.023e-05,6.6895,-10.541,27
2023-09-06,7,Weak/Normal,0.030003,-0.59188,0.29378,-1.7647,6.7123e-05,6.0759,-4.7993,21
2023-09-07,7,Weak/Normal,0.88628,-0.056022,0.52976,-0.14573,6.8561e-05,6.0253,3.8042,21
2023-09-08,7,Weak/Normal,1.2882,1.6499,0.47077,-1.0216,5.8656e-05,9.1213,10.261,22
2023-09-09,4,Orographic,1.2966,1.2746,-0.49292,-0.19008,7.0099e-05,12.326,15.809,22
2023-09-10,7,Weak/Normal,-0.082285,0.02469,-0.98405,-1.1044,6.895e-05,10.288,15.164,25
2023-09-11,7,Weak/Normal,-0.52583,-0.3111,-0.47431,-2.3811,7.41e-05,9.9958,8.8485,26
2023-09-12,7,Weak/Normal,-0.768,-0.47238,-0.76823,-2.4189,5.9759e-05,10.052,30.702,26
2023-09-13,7,Weak/Normal,-0.46677,-0.77067,-0.51576,-1.9905,7.2479e-05,9.0238,36.398,26
2023-09-14,5,Coastal,0.56002,-0.66644,1.3337,-2.5417,8.8806e-05,8.7762,31.867,27
2023-09-15,7,Weak/Normal,1.0282,-0.27353,-0.43376,-2.8963,0.0001017,9.2386,33.086,26
2023-09-16,7,Weak/Normal,1.4694,0.054443,-1.0148,-3.5287,0.00014891,9.4495,29.882,22
2023-09-17,7,Weak/Normal,0.98118,-0.08168,-0.79997,-0.6687,0.00010387,11.3,17.119,25
2023-09-18,7,Weak/Normal,-0.067197,0.11004,-0.83372,-0.90414,4.442e-05,10.545,-5.1933,26
2023-09-19,7,Weak/Normal,-0.061362,0.45798,-0.77468,1.2103,7.1167e-05,10.894,-1.0837,26
2023-09-20,7,Weak/Normal,0.031233,-0.20976,0.011732,2.4291,7.3071e-05,9.6366,18.443,26
2023-09-21,7,Weak/Normal,0.034789,-0.21507,0.88868,0.40808,7.862e-05,8.1045,10.88,26
2023-09-22,7,Weak/Normal,0.85656,0.05128,-0.36687,1.9019,7.822e-05,8.2681,-0.87397,26
2023-09-23,7,Weak/Normal,0.084868,-0.0183,-0.62332,2.5878,6.8868e-05,5.9344,-14.842,32
2023-09-24,7,Weak/Normal,0.15524,0.23731,-0.4824,2.9942,6.5731e-05,7.3384,-18.001,26
2023-09-25,6,Western Disturbance,-0.87795,-0.30136,-0.90782,2.7174,4.7627e-05,6.6223,-38.683,26
2023-09-26,7,Weak/Normal,-1.2783,-0.32281,-0.87874,3.117,3.9923e-05,6.132,-34.238,26
2023-09-27,7,Weak/Normal,-1.1768,0.14289,-1.2117,3.7834,3.6151e-05,3.9962,-16.692,26
2023-09-28,7,Weak/Normal,-1.4637,0.35573,-1.2254,1.9047,2.7438e-05,4.4574,-21.981,27
2023-09-29,6,Western Disturbance,-1.3122,0.65571,-0.81159,0.41519,2.0933e-05,4.4226,-41.18,27
2023-09-30,5,Coastal,-0.42149,1.1367,1.0169,-0.038065,8.0622e-05,3.9968,-58.664,26
2024-06-06,7,Weak/Normal,-0.82374,-1.0809,0.057896,1.8306,3.4776e-05,4.6473,2.9249,27
2024-06-07,7,Weak/Normal,-0.90828,-0.06258,-0.38328,2.4078,3.7899e-05,3.5349,9.8923,27
2024-06-08,7,Weak/Normal,-0.7855,-0.28704,-0.6301,0.64858,4.2855e-05,3.5451,-13.38,26
2024-06-09,7,Weak/Normal,-0.89988,0.66845,-0.73424,-1.5376,4.1118e-05,7.3108,-18.526,27
2024-06-10,7,Weak/Normal,-0.68015,0.90492,-0.72185,-0.97432,5.2912e-05,7.6745,-2.7832,27
2024-06-11,7,Weak/Normal,-0.73452,-0.40556,-0.63983,-0.25456,5.4403e-05,7.4417,18.85,27
2024-06-12,7,Weak/Normal,-0.60463,-0.31232,-0.68343,-0.38039,5.2516e-05,8.2719,25.151,27
2024-06-13,7,Weak/Normal,-0.95019,-0.6602,-0.63546,-1.7893,7.6037e-05,8.1118,28.141,27
2024-06-14,7,Weak/Normal,-0.86029,-0.39317,-0.27353,-2.5538,4.8324e-05,8.1953,16.597,27
2024-06-15,7,Weak/Normal,-0.929,-0.81763,-0.44553,-3.8268,3.2817e-05,7.0018,13.526,27
2024-06-16,7,Weak/Normal,-0.76723,-1.003,-0.15521,-3.2175,3.6387e-05,6.3478,25.089,27
2024-06-17,7,Weak/Normal,-0.83543,-0.98833,-0.57399,-2.4939,2.794e-05,4.7415,43.065,27
2024-06-18,7,Weak/Normal,-0.85695,-0.70969,-0.66215,-2.889,5.6198e-05,4.9547,42.463,27
2024-06-19,3,Monsoon Low/Depression,-0.55329,-0.35867,-0.27741,-5.8648,6.1618e-05,7.4291,6.9874,27
2024-06-20,3,Monsoon Low/Depression,-0.40428,0.030719,-0.5241,-5.277,4.0757e-05,9.594,-20.381,27
2024-06-21,7,Weak/Normal,0.015095,0.67905,0.15696,-3.1963,3.5106e-05,11.661,-24.406,27
2024-06-22,7,Weak/Normal,0.17616,-0.015304,-0.15729,-1.5734,3.0516e-05,13.114,-26.636,27
2024-06-23,7,Weak/Normal,-0.34104,-0.43931,-0.29618,-0.72289,3.2772e-05,9.5001,-14.696,27
2024-06-24,7,Weak/Normal,-0.26346,-0.16874,-0.49779,-0.67312,3.9105e-05,8.7589,2.0896,27
2024-06-25,7,Weak/Normal,-0.56064,-0.076172,-0.61768,-1.77,2.9423e-05,11.495,3.7203,27
2024-06-26,4,Orographic,-0.53603,1.0371,-0.32929,-2.2069,4.6765e-05,14.772,4.2134,26
2024-06-27,4,Orographic,0.22525,1.4974,0.045615,-1.5566,8.7522e-05,15.138,17.861,26
2024-06-28,7,Weak/Normal,0.79319,0.46877,0.56517,-0.13703,6.8161e-05,16.621,36.122,26
2024-06-29,7,Weak/Normal,-0.072184,0.27995,-0.25127,-1.2297,5.3544e-05,13.866,23.008,26
2024-06-30,5,Coastal,1.0021,-0.50874,1.3203,-1.1944,5.2392e-05,13.143,20.914,27
2024-07-01,7,Weak/Normal,1.1654,0.36718,0.15729,0.37414,5.3719e-05,14.711,20.959,27
2024-07-02,7,Weak/Normal,1.0951,0.17373,-0.40648,-3.1266,4.4716e-05,17.531,-2.3602,27
2024-07-03,7,Weak/Normal,0.40732,-0.83063,0.062043,-3.5087,4.663e-05,15.234,-11.384,32
2024-07-04,7,Weak/Normal,0.31117,-0.010822,-0.411,0.12555,5.6543e-05,14.355,16.506,32
2024-07-05,7,Weak/Normal,0.79426,-0.72761,0.088619,-0.34685,4.5487e-05,12.693,26.663,27
2024-07-06,6,Western Disturbance,1.3435,0.085411,-0.10306,-2.373,6.0743e-05,13.728,-38.091,32
2024-07-07,6,Western Disturbance,0.60118,0.24143,-0.58758,-1.5855,6.6977e-05,15.652,-62.348,32
2024-07-08,4,Orographic,-0.30691,1.8528,-0.19106,0.98351,5.3732e-05,13.961,-32.485,25
2024-07-09,7,Weak/Normal,-0.32158,0.87261,-0.58382,2.2791,3.5383e-05,10.503,2.1726,26
2024-07-10,7,Weak/Normal,-0.66874,-1.3343,-0.65898,2.1748,3.1653e-05,11.773,15.075,26
2024-07-11,7,Weak/Normal,-1.4055,-1.05,-0.83739,2.811,3.034e-05,10.991,18.415,27
2024-07-12,7,Weak/Normal,-0.062066,-0.74311,0.92329,-1.1626,2.5943e-05,11.821,-24.102,32
2024-07-13,4,Orographic,-0.009918,1.2213,0.022974,-2.1436,3.3054e-05,14.392,-55.043,32
2024-07-14,4,Orographic,0.013547,2.136,-0.25695,-2.9577,6.0401e-05,17.999,-55.555,27
2024-07-15,4,Orographic,-0.26204,1.7108,0.1046,-3.3906,0.00010303,17.209,-50.246,26
2024-07-16,4,Orographic,-0.097728,1.7233,-0.20695,-0.43693,7.6773e-05,16.438,2.6674,21
2024-07-17,7,Weak/Normal,-0.52939,0.26907,-0.34262,-0.25287,5.819e-05,16.027,19.088,25
2024-07-18,4,Orographic,-1.0553,1.9353,-0.39881,-0.42948,8.2905e-05,18.72,7.712,26
2024-07-19,4,Orographic,0.54842,1.845,0.83849,-1.9164,0.0001037,20.551,-13.919,26
2024-07-20,3,Monsoon Low/Depression,1.0176,0.9868,1.462,-7.0636,0.00012984,19.317,-17.472,26
2024-07-21,7,Weak/Normal,0.84981,0.53949,-0.11214,-3.1183,8.794e-05,18.125,5.1289,26
2024-07-22,4,Orographic,0.78015,1.7509,0.41047,-2.0404,8.3587e-05,19.311,5.2259,26
2024-07-23,1,Active Monsoon,1.2563,1.1942,0.15013,-1.3785,6.5733e-05,20.55,12.855,26
2024-07-24,1,Active Monsoon,2.1264,1.2266,-0.069691,-3.8773,6.6475e-05,21.881,-5.9824,27
2024-07-25,3,Monsoon Low/Depression,1.6755,2.3559,-0.5986,-6.5964,6.6595e-05,23.28,-36.473,27
2024-07-26,3,Monsoon Low/Depression,0.41996,1.9261,-0.28553,-6.7623,5.9419e-05,22.446,-27.05,26
2024-07-27,3,Monsoon Low/Depression,0.66922,-0.025501,0.12359,-6.1181,8.832e-05,19.318,4.559,26
2024-07-28,7,Weak/Normal,0.99827,-0.86443,-0.30957,-3.7137,9.204e-05,18.338,32.566,26
2024-07-29,3,Monsoon Low/Depression,-0.18614,-0.10727,-0.31162,-4.6012,8.8732e-05,17.384,35.213,26
2024-07-30,4,Orographic,-0.35823,2.5403,0.59967,-3.3926,5.9355e-05,17.872,33.642,26
2024-07-31,4,Orographic,-0.33919,1.7344,-0.60656,-1.5864,3.5747e-05,16.358,33.109,27
2024-08-01,1,Active Monsoon,1.5042,1.2816,-0.00088287,-1.0781,4.5329e-05,14.126,29.104,27
2024-08-02,1,Active Monsoon,2.1372,1.0788,1.7649,-1.5453,9.048e-05,15.757,4.7211,27
2024-08-03,1,Active Monsoon,2.7591,0.44999,0.58163,-3.4909,0.00014153,18.432,-5.7377,26
2024-08-04,3,Monsoon Low/Depression,2.3275,1.5712,-0.67414,-6.8532,0.00016109,18.419,10.375,25
2024-08-05,1,Active Monsoon,1.2756,0.10136,-0.87108,-1.6301,0.00011324,16.216,23.251,26
2024-08-06,7,Weak/Normal,0.56269,-0.45442,-0.23742,2.529,2.8304e-05,13.205,29.861,27
2024-08-07,7,Weak/Normal,0.89119,-0.31043,0.57069,1.935,4.0781e-05,10.121,8.5465,27
2024-08-08,7,Weak/Normal,0.356,-0.44167,-0.14561,2.4236,6.5434e-05,10.454,12.239,32
2024-08-09,7,Weak/Normal,-0.39734,-0.48334,-0.17176,2.6507,5.6603e-05,9.1531,29.879,27
2024-08-10,7,Weak/Normal,-0.4584,-0.57078,-0.4534,3.7041,5.3759e-05,8.4357,43.763,27
2024-08-11,7,Weak/Normal,0.085511,-0.42117,-0.10495,2.6245,4.0614e-05,9.1321,29.927,27
2024-08-12,7,Weak/Normal,-0.21738,-0.52355,-0.065945,1.2473,3.3913e-05,8.9949,6.4015,27
2024-08-13,7,Weak/Normal,-0.68905,-0.40269,-0.7463,2.0776,3.7764e-05,6.893,34.252,27
2024-08-14,7,Weak/Normal,-0.50347,-0.12746,0.46911,3.1018,4.3013e-05,3.7186,58.454,27
2024-08-15,7,Weak/Normal,-0.051478,-0.60796,-0.46401,3.4504,3.376e-05,3.3134,65.035,27
2024-08-16,7,Weak/Normal,0.59893,-0.90328,0.15549,1.8541,5.3377e-05,3.9607,45.166,27
2024-08-17,7,Weak/Normal,-0.19251,-0.69003,-0.080724,1.4214,8.3738e-05,5.778,27.485,27
2024-08-18,7,Weak/Normal,-0.48491,-0.5718,-0.54493,1.9758,8.2157e-05,3.7367,39.167,27
2024-08-19,7,Weak/Normal,-0.52452,-0.85958,0.6315,2.1426,9.2177e-05,1.8639,35.85,27
2024-08-20,7,Weak/Normal,-0.27696,-0.55531,-0.51908,1.5939,8.9528e-05,1.4516,9.7516,27
2024-08-21,7,Weak/Normal,-0.53615,-0.016434,-0.42797,2.9208,7.0892e-05,2.3062,10.057,27
2024-08-22,7,Weak/Normal,-0.35309,-0.4914,-0.36625,3.0208,6.0626e-05,0.34422,6.7859,26
2024-08-23,7,Weak/Normal,0.56732,-0.66464,0.70274,2.3561,4.2095e-05,4.7252,-2.6737,27
2024-08-24,1,Active Monsoon,2.3665,0.55384,0.51017,2.4693,6.8331e-05,5.8796,4.7384,26
2024-08-25,1,Active Monsoon,3.0327,2.4895,0.06259,-1.7732,9.2462e-05,11.495,9.9111,26
2024-08-26,1,Active Monsoon,2.3077,1.6344,0.39854,-2.134,8.1217e-05,14.996,4.6371,26
2024-08-27,1,Active Monsoon,3.0086,1.8379,1.0406,-0.78501,6.4248e-05,15.993,3.0075,26
2024-08-28,1,Active Monsoon,1.1616,0.62461,-0.54273,2.3166,6.8372e-05,16.288,11.003,26
2024-08-29,7,Weak/Normal,0.9485,0.39408,-0.11696,1.1702,5.6166e-05,16.003,-2.8777,27
2024-08-30,7,Weak/Normal,-0.1796,0.32038,-0.33291,1.0387,9.215e-05,13.852,-10.524,26
2024-08-31,5,Coastal,-0.78509,-0.10383,1.4828,-2.3029,0.00014402,11.995,21.77,27
2024-09-01,5,Coastal,-0.14469,-0.4942,1.1635,-2.0643,0.00010476,10.416,36.223,18
2024-09-02,7,Weak/Normal,0.76717,-0.42805,-0.69868,-2.0452,0.00010976,10.46,35.2,19
2024-09-03,7,Weak/Normal,0.24432,1.4055,-0.91878,0.26187,7.4868e-05,10.516,14.167,21
2024-09-04,7,Weak/Normal,0.03388,0.1401,-0.55774,2.6194,6.3467e-05,10.625,17.857,26
2024-09-05,7,Weak/Normal,-0.01952,-0.020145,-0.25881,-0.41702,7.1784e-05,11.933,-6.6871,26
2024-09-06,7,Weak/Normal,0.17629,0.056666,-0.82154,-0.79518,8.6005e-05,12.144,-18.196,26
2024-09-07,7,Weak/Normal,-0.24202,-0.20453,-0.13358,-0.44071,7.0357e-05,10.663,-7.3291,26
2024-09-08,7,Weak/Normal,-0.24551,-0.32053,0.8297,-1.0389,9.1662e-05,9.4869,0.26608,26
2024-09-09,3,Monsoon Low/Depression,0.54892,-0.22923,1.1913,-8.3607,0.00016302,10.12,8.0547,26
2024-09-10,3,Monsoon Low/Depression,1.3947,0.14165,-0.24704,-6.6692,0.00010474,9.9996,-16.526,21
2024-09-11,3,Monsoon Low/Depression,1.4697,-0.22411,-0.83727,-4.8521,0.00011955,10.244,-26.975,26
2024-09-12,3,Monsoon Low/Depression,0.94355,-0.21213,-0.86436,-5.3029,0.00013161,11.117,-14.153,26
2024-09-13,7,Weak/Normal,-0.71054,-0.69789,-1.1077,-2.272,0.00011259,9.7232,-21.755,27
2024-09-14,3,Monsoon Low/Depression,-0.76483,-0.76498,1.3424,-4.8223,0.00010681,9.2846,-48.956,27
2024-09-15,3,Monsoon Low/Depression,-0.11934,-0.45978,2.2492,-8.2158,0.00018088,9.812,-61.218,27
2024-09-16,3,Monsoon Low/Depression,-0.057347,-0.60107,1.1231,-8.1247,0.0001929,8.818,-45.165,27
2024-09-17,3,Monsoon Low/Depression,0.099944,-0.67158,0.73096,-4.2112,0.00016503,8.2582,-20.726,24
2024-09-18,7,Weak/Normal,-0.1512,-0.87796,-1.0488,-1.4138,0.00013605,5.8299,-11.127,25
2024-09-19,7,Weak/Normal,-1.4098,-0.93519,-1.1615,-0.04371,0.00010997,5.0136,-0.63983,26
2024-09-20,7,Weak/Normal,-1.8055,-0.91586,-1.1471,-0.81941,4.2976e-05,3.3553,25.728,27
2024-09-21,7,Weak/Normal,-1.7306,-0.87669,-0.88134,-1.4525,5.256e-05,2.7404,43.109,27
2024-09-22,7,Weak/Normal,-1.5087,-0.85771,-1.1793,0.81848,4.6614e-05,3.3904,59.427,27
2024-09-23,7,Weak/Normal,-1.4924,-0.50517,-1.1227,-1.204,5.0639e-05,3.3133,66.052,27
2024-09-24,7,Weak/Normal,-0.50686,0.80312,-0.75034,0.19052,4.8118e-05,4.593,75.874,27
2024-09-25,5,Coastal,-0.16549,1.0648,1.2317,0.58919,5.784e-05,7.9109,64.52,26
2024-09-26,5,Coastal,0.8618,1.5052,1.7816,0.6223,5.0941e-05,8.5355,43.031,21
2024-09-27,5,Coastal,2.0336,0.61524,2.2313,-0.21075,7.0668e-05,10.04,7.6514,21
2024-09-28,7,Weak/Normal,1.5243,0.47569,-0.70625,0.11423,6.3629e-05,10.182,-22.94,25
2024-09-29,7,Weak/Normal,-0.24115,0.037425,-1.0349,3.6836,5.1188e-05,5.6799,-7.9853,26
2024-09-30,7,Weak/Normal,-1.2734,-0.14961,-0.88426,4.4845,4.2065e-05,2.1931,14.83,26
2025-06-06,7,Weak/Normal,-1.1513,-1.1376,-0.66591,7.7269,2.052e-05,3.6352,29.184,26
2025-06-07,7,Weak/Normal,-1.02,-0.95516,-0.22254,6.2884,1.7123e-05,3.8105,58.471,27
2025-06-08,7,Weak/Normal,-1.0744,-0.68953,-0.55677,5.3211,1.847e-05,4.2306,59.381,27
2025-06-09,7,Weak/Normal,-1.1274,-0.68023,-0.73125,2.803,1.9058e-05,4.7648,67.054,27
2025-06-10,7,Weak/Normal,-0.86705,-1.1238,-0.50423,0.34319,3.4472e-05,5.9846,61.452,27
2025-06-11,7,Weak/Normal,-0.96431,-0.4742,0.14055,-0.88914,5.4745e-05,5.7065,54.403,26
2025-06-12,7,Weak/Normal,-0.90243,-0.055219,0.035905,-0.37917,4.9537e-05,5.4015,60.852,26
2025-06-13,7,Weak/Normal,-0.75671,0.43225,-0.35109,-0.50166,3.5887e-05,7.021,48.173,26
2025-06-14,7,Weak/Normal,-0.91097,0.61046,-0.45911,0.011931,3.238e-05,5.7603,42.514,26
2025-06-15,7,Weak/Normal,-0.06387,2.0268,-0.35738,-1.4995,3.0977e-05,11.016,15.376,27
2025-06-16,4,Orographic,0.23496,3.3857,0.30351,-2.7599,0.00010367,14.47,-1.7133,27
2025-06-17,4,Orographic,1.4642,2.5093,0.91447,-2.5168,8.4385e-05,17.236,-8.5195,26
2025-06-18,7,Weak/Normal,1.5968,0.82795,0.73014,-0.41119,9.3318e-05,16.12,10.729,27
2025-06-19,4,Orographic,2.1291,2.1121,-0.14647,-0.72728,0.00012436,14.354,26.91,27
2025-06-20,7,Weak/Normal,1.9515,0.25737,-0.50137,-1.2527,0.00014392,14.389,38.351,26
2025-06-21,7,Weak/Normal,0.42306,-0.32529,-0.57018,2.2948,7.9695e-05,15.245,45.128,27
2025-06-22,7,Weak/Normal,0.46414,-0.43495,-0.24294,1.0671,5.6412e-05,13.566,47.11,27
2025-06-23,7,Weak/Normal,1.0358,0.97557,-0.19372,-0.095141,5.3207e-05,15.552,19.559,27
2025-06-24,4,Orographic,1.0855,1.737,-0.32191,-1.7598,7.2848e-05,17.691,18.432,27
2025-06-25,7,Weak/Normal,0.96934,0.51146,-0.36835,-1.9331,5.2052e-05,17.63,29.539,26
2025-06-26,4,Orographic,1.1725,1.015,1.0671,-0.19932,7.3588e-05,15.469,45.286,26
2025-06-27,7,Weak/Normal,1.3617,0.626,0.97431,1.2144,5.8027e-05,15.898,51.323,26
2025-06-28,7,Weak/Normal,0.044766,-0.51016,0.086049,0.24523,6.0096e-05,15.956,29.932,27
2025-06-29,7,Weak/Normal,0.24659,-0.30773,0.66237,-1.1506,5.9972e-05,15.129,13.857,27
2025-06-30,7,Weak/Normal,0.59204,-1.0022,0.16341,-1.9231,7.6628e-05,16.598,-9.2941,27
2025-07-01,7,Weak/Normal,1.3177,-0.90147,-0.13901,-2.1191,6.831e-05,16.4,-2.0137,26
2025-07-02,7,Weak/Normal,0.91093,-0.49258,-0.18573,-0.97332,6.3447e-05,15.461,16.562,26
2025-07-03,4,Orographic,0.89307,1.3795,-0.023987,-0.68194,6.3713e-05,18.004,16.231,26
2025-07-04,7,Weak/Normal,0.81572,0.037846,0.23676,-0.041622,6.0207e-05,16.957,33.919,26
2025-07-05,7,Weak/Normal,0.88148,0.08918,0.58436,-0.84258,6.5314e-05,17.305,45.305,26
2025-07-06,7,Weak/Normal,1.5972,0.36882,-0.305,-1.3272,5.516e-05,18.017,40.224,27
2025-07-07,5,Coastal,2.0328,0.048348,1.1287,-1.9891,7.1905e-05,17.689,23.02,27
2025-07-08,5,Coastal,0.87042,-1.1792,1.1225,-1.5632,8.6846e-05,16.112,6.0377,26
2025-07-09,7,Weak/Normal,0.30322,-1.2661,-0.024825,-0.29436,8.0198e-05,16.902,-3.5134,27
2025-07-10,7,Weak/Normal,0.16225,-1.1434,-0.15635,1.3543,6.901e-05,14.238,-13.202,26
2025-07-11,7,Weak/Normal,-0.63711,-1.4356,-0.31832,1.7333,6.8518e-05,11.419,-22.925,26
2025-07-12,7,Weak/Normal,0.31333,-0.96755,-0.57835,1.4421,6.2996e-05,10.303,-20.638,27
2025-07-13,7,Weak/Normal,-0.34962,-1.291,-0.47213,0.86797,5.8343e-05,9.386,0.63919,27
2025-07-14,5,Coastal,0.75261,-0.98496,1.0346,0.053055,9.9846e-05,11.653,-9.7523,26
2025-07-15,7,Weak/Normal,0.84778,0.33151,0.52515,0.46003,0.00011115,13.799,-28.84,27
2025-07-16,7,Weak/Normal,-0.016112,-0.45893,-0.39688,1.7181,9.4277e-05,11.639,-29.02,27
2025-07-17,7,Weak/Normal,-0.10465,-0.1248,-0.18663,0.78155,0.00011345,9.6655,-14.274,26
2025-07-18,7,Weak/Normal,0.11937,-1.2562,-0.5378,0.64846,0.00012864,7.8442,14.648,26
2025-07-19,7,Weak/Normal,0.14316,-1.0165,-0.66985,1.7168,0.00010992,11.016,20.945,27
2025-07-20,7,Weak/Normal,-0.31683,-0.72201,-0.3527,-1.6236,4.5754e-05,12.783,9.923,27
2025-07-21,7,Weak/Normal,-1.3308,-0.43756,-0.52409,0.80025,4.989e-05,11.918,9.1333,27
2025-07-22,7,Weak/Normal,-1.142,-0.4955,-0.28613,-0.31349,6.7173e-05,10.638,19.115,27
2025-07-23,7,Weak/Normal,-0.83096,0.37908,-0.51302,-2.5775,5.6256e-05,12.028,-4.2162,27
2025-07-24,3,Monsoon Low/Depression,0.58427,0.49289,0.094764,-5.938,9.3057e-05,16.25,-32.378,27
2025-07-25,3,Monsoon Low/Depression,0.64225,0.73473,0.3745,-6.8028,0.00014673,17.881,-35.669,27
2025-07-26,3,Monsoon Low/Depression,2.6319,1.4995,0.93596,-5.9206,0.00011555,19.42,-22.105,27
2025-07-27,3,Monsoon Low/Depression,1.7048,1.1341,-0.40379,-6.0563,0.00010122,20.369,-2.1251,25
2025-07-28,7,Weak/Normal,-0.20737,-0.46321,-0.66283,-3.027,7.8884e-05,19.415,-5.4177,27
2025-07-29,7,Weak/Normal,0.31269,-0.95613,0.4167,-1.6656,7.6138e-05,19.149,-8.1552,32
2025-07-30,7,Weak/Normal,0.88264,-0.83218,0.47014,-0.94852,8.7532e-05,21.029,-12.808,27
2025-07-31,7,Weak/Normal,-0.69683,-0.99416,0.40633,-0.87378,6.9503e-05,15.669,-14.978,27
2025-08-01,7,Weak/Normal,-1.2447,-1.0366,-0.57507,0.45948,6.6912e-05,12.722,-14.622,27
2025-08-02,7,Weak/Normal,-1.4252,-1.0691,-0.47571,0.53092,6.0471e-05,10.674,-7.6754,27
2025-08-03,7,Weak/Normal,-0.61578,-0.67902,0.37161,1.796,4.747e-05,8.6536,3.2609,32
2025-08-04,7,Weak/Normal,-0.14072,-0.46926,-0.5771,5.699,4.3777e-05,6.3954,16.049,32
2025-08-05,2,Break Monsoon,-1.2509,-0.86037,-0.069422,6.8401,3.231e-05,6.5431,18.723,32
2025-08-06,2,Break Monsoon,-1.589,-0.22844,0.16013,5.9812,2.4481e-05,5.9363,13.664,32
2025-08-07,2,Break Monsoon,-1.6055,-0.86226,-0.67958,3.5754,3.8227e-05,5.4331,11.402,27
2025-08-08,7,Weak/Normal,-0.45234,-0.94434,0.88049,3.4575,3.3415e-05,4.9116,9.5312,27
2025-08-09,7,Weak/Normal,-0.74345,-0.71247,-0.15379,6.9525,4.3288e-05,4.6907,26.185,32
2025-08-10,2,Break Monsoon,-1.1985,-0.64277,-0.59895,6.7726,4.3194e-05,5.1276,47.605,27
2025-08-11,2,Break Monsoon,-1.0748,-0.45406,-0.68239,4.3169,2.3685e-05,6.095,44.859,27
2025-08-12,2,Break Monsoon,-1.2774,-0.62118,-0.59652,3.3693,2.7212e-05,8.0274,44.53,32
2025-08-13,7,Weak/Normal,-0.15346,-0.36569,-0.23328,0.17343,4.5421e-05,9.8632,42.801,27
2025-08-14,5,Coastal,0.34901,0.36561,1.0706,1.9042,9.3656e-05,10.418,40.057,21
2025-08-15,7,Weak/Normal,-0.40495,0.52741,0.76816,2.2873,6.388e-05,11.065,37.071,21
2025-08-16,4,Orographic,0.26069,2.3778,0.076176,-0.076121,5.4182e-05,12.672,20.05,21
2025-08-17,4,Orographic,0.41719,1.8671,-0.16757,-0.94824,5.4932e-05,12.626,12.854,21
2025-08-18,4,Orographic,0.37905,2.3556,1.6116,0.26079,7.0682e-05,15.999,24.306,21
2025-08-19,4,Orographic,1.1958,3.147,0.19113,-1.2753,9.1063e-05,18.235,16.508,21
2025-08-20,4,Orographic,0.91085,2.8784,0.045898,-0.73184,6.4528e-05,20.117,7.1613,22
2025-08-21,7,Weak/Normal,1.0121,0.75717,-0.20962,0.089703,5.3629e-05,16.879,18.627,25
2025-08-22,7,Weak/Normal,0.97637,-0.47902,0.79963,0.50037,6.6374e-05,13.133,22.926,27
2025-08-23,7,Weak/Normal,1.9628,-0.50231,0.1606,-1.2246,7.491e-05,11.416,4.0627,27
2025-08-24,7,Weak/Normal,2.0063,-0.40119,-0.048158,-2.0349,8.5184e-05,12.566,-16.346,27
2025-08-25,7,Weak/Normal,0.75217,-0.27271,-0.35,-2.4443,8.6265e-05,12.95,-19.673,26
2025-08-26,7,Weak/Normal,-0.34735,-0.083641,0.055104,-0.62963,4.6358e-05,11.74,-16.789,27
2025-08-27,7,Weak/Normal,0.031697,0.50699,-0.021119,0.91958,8.0672e-05,12.44,8.7365,26
2025-08-28,7,Weak/Normal,0.14744,1.3593,0.36802,0.51102,6.8709e-05,11.078,20.01,26
2025-08-29,7,Weak/Normal,0.27663,1.4252,-0.76951,-0.095208,5.687e-05,11.16,22.898,21
2025-08-30,7,Weak/Normal,-0.30672,1.1297,-0.60889,1.7499,4.4804e-05,10.088,30.563,25
2025-08-31,7,Weak/Normal,-0.32078,-0.075082,-0.7863,2.5649,3.6349e-05,10.553,37.112,26
2025-09-01,7,Weak/Normal,0.88217,-0.31129,-0.57375,0.70372,3.5058e-05,11.653,-12.918,26
2025-09-02,5,Coastal,1.1079,-0.31934,1.5131,-2.321,4.7607e-05,13.485,-39.559,27
2025-09-03,7,Weak/Normal,0.37487,-0.04784,0.13896,-0.78434,8.0734e-05,11.462,-29.753,26
2025-09-04,7,Weak/Normal,1.2337,0.031546,0.45879,-0.33859,8.2377e-05,9.9535,-10.496,25
2025-09-05,7,Weak/Normal,0.68132,0.34109,-0.4869,-0.14267,7.8139e-05,10.182,7.3154,25
2025-09-06,7,Weak/Normal,0.18389,0.34089,-0.64449,1.3773,4.4484e-05,9.1104,15.879,26
2025-09-07,7,Weak/Normal,0.85284,0.0486,-0.86274,2.2722,2.6353e-05,8.1992,18.317,26
2025-09-08,7,Weak/Normal,0.68393,-0.33296,-0.91782,1.4184,1.996e-05,9.9212,8.4829,27
2025-09-09,7,Weak/Normal,-0.34325,-0.87589,-0.94423,1.9365,3.0578e-05,7.2931,13.316,27
2025-09-10,7,Weak/Normal,-1.2344,-0.90083,-1.0341,2.405,2.6569e-05,3.3164,31.378,27
2025-09-11,7,Weak/Normal,-0.8318,-0.94323,-0.75286,1.0243,3.4428e-05,4.2181,32.05,27
2025-09-12,7,Weak/Normal,-0.53827,-0.90667,-0.77601,2.0999,3.9039e-05,4.4608,39.459,27
2025-09-13,7,Weak/Normal,-0.92522,-0.85967,-0.69364,2.9942,4.0989e-05,2.5924,50.21,27
2025-09-14,7,Weak/Normal,-0.55992,-0.22293,-0.093745,3.5435,3.2057e-05,3.0256,48.718,27
2025-09-15,7,Weak/Normal,-0.35778,0.47715,-0.61357,3.1927,3.1281e-05,3.6743,44.148,26
2025-09-16,7,Weak/Normal,0.39961,-0.3651,0.045587,2.0571,3.8001e-05,5.6355,15.061,26
2025-09-17,7,Weak/Normal,-0.10664,-0.65572,-0.78327,3.7269,3.773e-05,6.5465,-0.6096,32
2025-09-18,7,Weak/Normal,-0.6624,-0.26815,-1.2145,3.0686,2.493e-05,5.6334,5.5128,26
2025-09-19,7,Weak/Normal,-0.93014,-0.33173,-1.2052,2.9531,3.3986e-05,6.3643,-19.407,27
2025-09-20,7,Weak/Normal,-0.84703,-0.42299,-1.2455,2.7957,2.9651e-05,6.3822,-9.2238,27
2025-09-21,7,Weak/Normal,-0.83352,-0.51266,0.52946,1.9051,4.4327e-05,5.4885,2.9413,27
2025-09-22,7,Weak/Normal,-0.79717,-0.32703,-0.060237,0.86608,3.5161e-05,4.7222,18.623,27
2025-09-23,7,Weak/Normal,-0.14158,-0.065234,0.72511,1.1154,4.3159e-05,5.4827,32.61,27
2025-09-24,7,Weak/Normal,-0.59107,-0.55733,-0.40734,0.078952,6.3103e-05,7.0868,10.907,27
2025-09-25,7,Weak/Normal,-0.78783,-0.6073,-0.80736,-1.6033,6.8552e-05,7.3667,-12.05,27
2025-09-26,7,Weak/Normal,-1.179,0.061625,-0.96372,-1.2256,6.6535e-05,7.241,-12.554,27
2025-09-27,7,Weak/Normal,0.51861,0.40616,0.12573,-1.7103,9.1072e-05,5.5847,17.429,21
2025-09-28,7,Weak/Normal,0.71292,1.5484,-0.93398,0.36246,7.4157e-05,6.5394,53.274,21
2025-09-29,7,Weak/Normal,-0.2605,1.8485,-0.87337,1.5609,6.1038e-05,10.665,30.343,21
2025-09-30,7,Weak/Normal,-1.3099,-0.17082,-0.72132,0.33956,4.9955e-05,12.573,-6.8638,26
